seed,draw,overall_outside_frac,alpha_below_frac,beta_r_below_frac,eta_col_below_frac,xi_reb_below_frac,z_A0_eff_below_frac,alpha_above_frac,beta_r_above_frac,eta_col_above_frac,xi_reb_above_frac,z_A0_eff_above_frac
0,0,0.0,0.0,0.0,0.0,0.0,0.0,0.0,0.0,0.0,0.0,0.0
0,1,0.1,0.0,0.0,0.0,0.0,0.1,0.0,0.0,0.0,0.0,0.0
0,2,0.0,0.0,0.0,0.0,0.0,0.0,0.0,0.0,0.0,0.0,0.0
0,3,0.355,0.0,0.355,0.0,0.0,0.0,0.0,0.0,0.0,0.0,0.0
0,4,0.0,0.0,0.0,0.0,0.0,0.0,0.0,0.0,0.0,0.0,0.0
0,5,0.0,0.0,0.0,0.0,0.0,0.0,0.0,0.0,0.0,0.0,0.0
0,6,0.0,0.0,0.0,0.0,0.0,0.0,0.0,0.0,0.0,0.0,0.0
0,7,0.0,0.0,0.0,0.0,0.0,0.0,0.0,0.0,0.0,0.0,0.0
0,8,0.0,0.0,0.0,0.0,0.0,0.0,0.0,0.0,0.0,0.0,0.0
0,9,0.0,0.0,0.0,0.0,0.0,0.0,0.0,0.0,0.0,0.0,0.0
0,10,0.0,0.0,0.0,0.0,0.0,0.0,0.0,0.0,0.0,0.0,0.0
0,11,0.0,0.0,0.0,0.0,0.0,0.0,0.0,0.0,0.0,0.0,0.0
0,12,0.0,0.0,0.0,0.0,0.0,0.0,0.0,0.0,0.0,0.0,0.0
0,13,0.24,0.0,0.0,0.0,0.0,0.24,0.0,0.0,0.0,0.0,0.0
0,14,0.0,0.0,0.0,0.0,0.0,0.0,0.0,0.0,0.0,0.0,0.0
0,15,0.0,0.0,0.0,0.0,0.0,0.0,0.0,0.0,0.0,0.0,0.0
0,16,0.02,0.0,0.0,0.0,0.0,0.0,0.0,0.0,0.0,0.0,0.02
0,17,0.0,0.0,0.0,0.0,0.0,0.0,0.0,0.0,0.0,0.0,0.0
0,18,0.0,0.0,0.0,0.0,0.0,0.0,0.0,0.0,0.0,0.0,0.0
0,19,0.0,0.0,0.0,0.0,0.0,0.0,0.0,0.0,0.0,0.0,0.0
0,20,0.0,0.0,0.0,0.0,0.0,0.0,0.0,0.0,0.0,0.0,0.0
0,21,0.0,0.0,0.0,0.0,0.0,0.0,0.0,0.0,0.0,0.0,0.0
0,22,0.0,0.0,0.0,0.0,0.0,0.0,0.0,0.0,0.0,0.0,0.0
0,23,0.005,0.0,0.0,0.0,0.0,0.0,0.005,0.0,0.0,0.0,0.005
0,24,0.0,0.0,0.0,0.0,0.0,0.0,0.0,0.0,0.0,0.0,0.0
0,25,0.0,0.0,0.0,0.0,0.0,0.0,0.0,0.0,0.0,0.0,0.0
0,26,0.0,0.0,0.0,0.0,0.0,0.0,0.0,0.0,0.0,0.0,0.0
0,27,0.0,0.0,0.0,0.0,0.0,0.0,0.0,0.0,0.0,0.0,0.0
0,28,0.095,0.0,0.0,0.0,0.0,0.0,0.0,0.0,0.0,0.095,0.0
0,29,0.635,0.635,0.0,0.0,0.0,0.0,0.0,0.0,0.0,0.0,0.0
0,30,0.0,0.0,0.0,0.0,0.0,0.0,0.0,0.0,0.0,0.0,0.0
0,31,0.02,0.0,0.0,0.0,0.0,0.0,0.0,0.0,0.02,0.0,0.0
0,32,0.005,0.0,0.0,0.0,0.0,0.0,0.0,0.005,0.0,0.0,0.0
0,33,0.01,0.0,0.0,0.0,0.0,0.0,0.0,0.0,0.0,0.0,0.01
0,34,0.005,0.0,0.0,0.0,0.0,0.0,0.0,0.005,0.0,0.0,0.0
0,35,0.0,0.0,0.0,0.0,0.0,0.0,0.0,0.0,0.0,0.0,0.0
0,36,0.005,0.0,0.0,0.0,0.0,0.0,0.0,0.005,0.0,0.0,0.0
0,37,0.035,0.0,0.0,0.0,0.0,0.035,0.0,0.0,0.0,0.0,0.0
0,38,0.0,0.0,0.0,0.0,0.0,0.0,0.0,0.0,0.0,0.0,0.0
0,39,0.035,0.0,0.0,0.0,0.0,0.0,0.0,0.0,0.0,0.0,0.035
1,0,0.0,0.0,0.0,0.0,0.0,0.0,0.0,0.0,0.0,0.0,0.0
1,1,0.05,0.0,0.0,0.0,0.0,0.05,0.0,0.0,0.0,0.0,0.0
1,2,0.0,0.0,0.0,0.0,0.0,0.0,0.0,0.0,0.0,0.0,0.0
1,3,0.26,0.0,0.23,0.0,0.0,0.0,0.0,0.0,0.0,0.0,0.03
1,4,0.0,0.0,0.0,0.0,0.0,0.0,0.0,0.0,0.0,0.0,0.0
1,5,0.0,0.0,0.0,0.0,0.0,0.0,0.0,0.0,0.0,0.0,0.0
1,6,0.0,0.0,0.0,0.0,0.0,0.0,0.0,0.0,0.0,0.0,0.0
1,7,0.0,0.0,0.0,0.0,0.0,0.0,0.0,0.0,0.0,0.0,0.0
1,8,0.0,0.0,0.0,0.0,0.0,0.0,0.0,0.0,0.0,0.0,0.0
1,9,0.0,0.0,0.0,0.0,0.0,0.0,0.0,0.0,0.0,0.0,0.0
1,10,0.0,0.0,0.0,0.0,0.0,0.0,0.0,0.0,0.0,0.0,0.0
1,11,0.0,0.0,0.0,0.0,0.0,0.0,0.0,0.0,0.0,0.0,0.0
1,12,0.0,0.0,0.0,0.0,0.0,0.0,0.0,0.0,0.0,0.0,0.0
1,13,0.315,0.0,0.0,0.0,0.0,0.315,0.0,0.0,0.0,0.0,0.0
1,14,0.0,0.0,0.0,0.0,0.0,0.0,0.0,0.0,0.0,0.0,0.0
1,15,0.0,0.0,0.0,0.0,0.0,0.0,0.0,0.0,0.0,0.0,0.0
1,16,0.005,0.0,0.0,0.0,0.0,0.0,0.0,0.0,0.0,0.0,0.005
1,17,0.0,0.0,0.0,0.0,0.0,0.0,0.0,0.0,0.0,0.0,0.0
1,18,0.0,0.0,0.0,0.0,0.0,0.0,0.0,0.0,0.0,0.0,0.0
1,19,0.0,0.0,0.0,0.0,0.0,0.0,0.0,0.0,0.0,0.0,0.0
1,20,0.0,0.0,0.0,0.0,0.0,0.0,0.0,0.0,0.0,0.0,0.0
1,21,0.0,0.0,0.0,0.0,0.0,0.0,0.0,0.0,0.0,0.0,0.0
1,22,0.0,0.0,0.0,0.0,0.0,0.0,0.0,0.0,0.0,0.0,0.0
1,23,0.01,0.0,0.0,0.0,0.0,0.0,0.005,0.0,0.0,0.0,0.005
1,24,0.0,0.0,0.0,0.0,0.0,0.0,0.0,0.0,0.0,0.0,0.0
1,25,0.01,0.0,0.0,0.0,0.01,0.0,0.0,0.0,0.0,0.0,0.0
1,26,0.0,0.0,0.0,0.0,0.0,0.0,0.0,0.0,0.0,0.0,0.0
1,27,0.0,0.0,0.0,0.0,0.0,0.0,0.0,0.0,0.0,0.0,0.0
1,28,0.075,0.0,0.0,0.0,0.0,0.0,0.0,0.0,0.0,0.075,0.0
1,29,0.72,0.72,0.0,0.0,0.0,0.0,0.0,0.0,0.0,0.0,0.0
1,30,0.005,0.0,0.0,0.0,0.0,0.0,0.0,0.0,0.005,0.0,0.0
1,31,0.035,0.0,0.0,0.0,0.0,0.0,0.0,0.0,0.035,0.0,0.0
1,32,0.03,0.0,0.0,0.0,0.0,0.03,0.0,0.0,0.0,0.0,0.0
1,33,0.02,0.0,0.0,0.0,0.0,0.0,0.005,0.0,0.0,0.0,0.02
1,34,0.015,0.0,0.0,0.0,0.0,0.0,0.0,0.015,0.0,0.0,0.0
1,35,0.0,0.0,0.0,0.0,0.0,0.0,0.0,0.0,0.0,0.0,0.0
1,36,0.005,0.0,0.0,0.0,0.0,0.0,0.0,0.005,0.0,0.0,0.0
1,37,0.005,0.0,0.0,0.0,0.0,0.005,0.0,0.0,0.0,0.0,0.0
1,38,0.0,0.0,0.0,0.0,0.0,0.0,0.0,0.0,0.0,0.0,0.0
1,39,0.05,0.0,0.0,0.0,0.0,0.0,0.0,0.0,0.0,0.0,0.05
2,0,0.0,0.0,0.0,0.0,0.0,0.0,0.0,0.0,0.0,0.0,0.0
2,1,0.075,0.0,0.0,0.0,0.0,0.075,0.0,0.0,0.0,0.0,0.0
2,2,0.0,0.0,0.0,0.0,0.0,0.0,0.0,0.0,0.0,0.0,0.0
2,3,0.21,0.0,0.2,0.0,0.0,0.0,0.0,0.0,0.0,0.0,0.01
2,4,0.0,0.0,0.0,0.0,0.0,0.0,0.0,0.0,0.0,0.0,0.0
2,5,0.0,0.0,0.0,0.0,0.0,0.0,0.0,0.0,0.0,0.0,0.0
2,6,0.0,0.0,0.0,0.0,0.0,0.0,0.0,0.0,0.0,0.0,0.0
2,7,0.0,0.0,0.0,0.0,0.0,0.0,0.0,0.0,0.0,0.0,0.0
2,8,0.0,0.0,0.0,0.0,0.0,0.0,0.0,0.0,0.0,0.0,0.0
2,9,0.0,0.0,0.0,0.0,0.0,0.0,0.0,0.0,0.0,0.0,0.0
2,10,0.0,0.0,0.0,0.0,0.0,0.0,0.0,0.0,0.0,0.0,0.0
2,11,0.0,0.0,0.0,0.0,0.0,0.0,0.0,0.0,0.0,0.0,0.0
2,12,0.0,0.0,0.0,0.0,0.0,0.0,0.0,0.0,0.0,0.0,0.0
2,13,0.27,0.0,0.0,0.0,0.0,0.27,0.0,0.0,0.0,0.0,0.0
2,14,0.0,0.0,0.0,0.0,0.0,0.0,0.0,0.0,0.0,0.0,0.0
2,15,0.005,0.0,0.0,0.0,0.0,0.0,0.0,0.0,0.0,0.005,0.0
2,16,0.09,0.0,0.0,0.0,0.0,0.0,0.0,0.0,0.0,0.0,0.09
2,17,0.0,0.0,0.0,0.0,0.0,0.0,0.0,0.0,0.0,0.0,0.0
2,18,0.0,0.0,0.0,0.0,0.0,0.0,0.0,0.0,0.0,0.0,0.0
2,19,0.0,0.0,0.0,0.0,0.0,0.0,0.0,0.0,0.0,0.0,0.0
2,20,0.0,0.0,0.0,0.0,0.0,0.0,0.0,0.0,0.0,0.0,0.0
2,21,0.0,0.0,0.0,0.0,0.0,0.0,0.0,0.0,0.0,0.0,0.0
2,22,0.0,0.0,0.0,0.0,0.0,0.0,0.0,0.0,0.0,0.0,0.0
2,23,0.045,0.0,0.0,0.0,0.0,0.0,0.025,0.0,0.0,0.0,0.03
2,24,0.0,0.0,0.0,0.0,0.0,0.0,0.0,0.0,0.0,0.0,0.0
2,25,0.0,0.0,0.0,0.0,0.0,0.0,0.0,0.0,0.0,0.0,0.0
2,26,0.0,0.0,0.0,0.0,0.0,0.0,0.0,0.0,0.0,0.0,0.0
2,27,0.0,0.0,0.0,0.0,0.0,0.0,0.0,0.0,0.0,0.0,0.0
2,28,0.015,0.0,0.0,0.0,0.0,0.0,0.0,0.0,0.0,0.015,0.0
2,29,0.455,0.455,0.0,0.0,0.0,0.0,0.0,0.0,0.0,0.0,0.0
2,30,0.0,0.0,0.0,0.0,0.0,0.0,0.0,0.0,0.0,0.0,0.0
2,31,0.33,0.0,0.0,0.0,0.0,0.0,0.0,0.0,0.33,0.0,0.0
2,32,0.055,0.0,0.0,0.0,0.0,0.015,0.0,0.04,0.0,0.0,0.0
2,33,0.045,0.0,0.0,0.0,0.0,0.0,0.0,0.0,0.0,0.0,0.045
2,34,0.0,0.0,0.0,0.0,0.0,0.0,0.0,0.0,0.0,0.0,0.0
2,35,0.0,0.0,0.0,0.0,0.0,0.0,0.0,0.0,0.0,0.0,0.0
2,36,0.005,0.0,0.0,0.0,0.0,0.0,0.0,0.005,0.0,0.0,0.0
2,37,0.015,0.0,0.0,0.0,0.0,0.015,0.0,0.0,0.0,0.0,0.0
2,38,0.0,0.0,0.0,0.0,0.0,0.0,0.0,0.0,0.0,0.0,0.0
2,39,0.03,0.0,0.0,0.0,0.0,0.0,0.0,0.0,0.0,0.0,0.03
3,0,0.0,0.0,0.0,0.0,0.0,0.0,0.0,0.0,0.0,0.0,0.0
3,1,0.035,0.0,0.0,0.0,0.0,0.035,0.0,0.0,0.0,0.0,0.0
3,2,0.0,0.0,0.0,0.0,0.0,0.0,0.0,0.0,0.0,0.0,0.0
3,3,0.475,0.0,0.47,0.0,0.0,0.0,0.0,0.0,0.0,0.0,0.005
3,4,0.0,0.0,0.0,0.0,0.0,0.0,0.0,0.0,0.0,0.0,0.0
3,5,0.0,0.0,0.0,0.0,0.0,0.0,0.0,0.0,0.0,0.0,0.0
3,6,0.0,0.0,0.0,0.0,0.0,0.0,0.0,0.0,0.0,0.0,0.0
3,7,0.0,0.0,0.0,0.0,0.0,0.0,0.0,0.0,0.0,0.0,0.0
3,8,0.0,0.0,0.0,0.0,0.0,0.0,0.0,0.0,0.0,0.0,0.0
3,9,0.005,0.0,0.0,0.0,0.0,0.0,0.0,0.0,0.0,0.0,0.005
3,10,0.0,0.0,0.0,0.0,0.0,0.0,0.0,0.0,0.0,0.0,0.0
3,11,0.0,0.0,0.0,0.0,0.0,0.0,0.0,0.0,0.0,0.0,0.0
3,12,0.0,0.0,0.0,0.0,0.0,0.0,0.0,0.0,0.0,0.0,0.0
3,13,0.435,0.0,0.0,0.0,0.0,0.435,0.0,0.0,0.0,0.0,0.0
3,14,0.0,0.0,0.0,0.0,0.0,0.0,0.0,0.0,0.0,0.0,0.0
3,15,0.0,0.0,0.0,0.0,0.0,0.0,0.0,0.0,0.0,0.0,0.0
3,16,0.02,0.0,0.0,0.0,0.0,0.0,0.0,0.0,0.0,0.0,0.02
3,17,0.0,0.0,0.0,0.0,0.0,0.0,0.0,0.0,0.0,0.0,0.0
3,18,0.0,0.0,0.0,0.0,0.0,0.0,0.0,0.0,0.0,0.0,0.0
3,19,0.0,0.0,0.0,0.0,0.0,0.0,0.0,0.0,0.0,0.0,0.0
3,20,0.0,0.0,0.0,0.0,0.0,0.0,0.0,0.0,0.0,0.0,0.0
3,21,0.0,0.0,0.0,0.0,0.0,0.0,0.0,0.0,0.0,0.0,0.0
3,22,0.0,0.0,0.0,0.0,0.0,0.0,0.0,0.0,0.0,0.0,0.0
3,23,0.04,0.0,0.0,0.0,0.0,0.0,0.025,0.0,0.0,0.0,0.035
3,24,0.0,0.0,0.0,0.0,0.0,0.0,0.0,0.0,0.0,0.0,0.0
3,25,0.0,0.0,0.0,0.0,0.0,0.0,0.0,0.0,0.0,0.0,0.0
3,26,0.0,0.0,0.0,0.0,0.0,0.0,0.0,0.0,0.0,0.0,0.0
3,27,0.0,0.0,0.0,0.0,0.0,0.0,0.0,0.0,0.0,0.0,0.0
3,28,0.01,0.0,0.0,0.0,0.0,0.0,0.0,0.0,0.0,0.01,0.0
3,29,0.605,0.605,0.0,0.0,0.0,0.005,0.0,0.0,0.0,0.0,0.0
3,30,0.0,0.0,0.0,0.0,0.0,0.0,0.0,0.0,0.0,0.0,0.0
3,31,0.01,0.0,0.0,0.0,0.0,0.0,0.0,0.0,0.01,0.0,0.0
3,32,0.05,0.0,0.0,0.0,0.0,0.015,0.0,0.035,0.0,0.0,0.0
3,33,0.05,0.0,0.0,0.0,0.0,0.0,0.0,0.0,0.0,0.0,0.05
3,34,0.0,0.0,0.0,0.0,0.0,0.0,0.0,0.0,0.0,0.0,0.0
3,35,0.0,0.0,0.0,0.0,0.0,0.0,0.0,0.0,0.0,0.0,0.0
3,36,0.0,0.0,0.0,0.0,0.0,0.0,0.0,0.0,0.0,0.0,0.0
3,37,0.015,0.0,0.0,0.0,0.0,0.015,0.0,0.0,0.0,0.0,0.0
3,38,0.0,0.0,0.0,0.0,0.0,0.0,0.0,0.0,0.0,0.0,0.0
3,39,0.015,0.0,0.0,0.0,0.0,0.0,0.0,0.0,0.0,0.0,0.015
4,0,0.0,0.0,0.0,0.0,0.0,0.0,0.0,0.0,0.0,0.0,0.0
4,1,0.06,0.0,0.0,0.0,0.0,0.06,0.0,0.0,0.0,0.0,0.0
4,2,0.0,0.0,0.0,0.0,0.0,0.0,0.0,0.0,0.0,0.0,0.0
4,3,0.3,0.0,0.3,0.0,0.0,0.0,0.0,0.0,0.0,0.0,0.0
4,4,0.0,0.0,0.0,0.0,0.0,0.0,0.0,0.0,0.0,0.0,0.0
4,5,0.005,0.005,0.0,0.0,0.0,0.0,0.0,0.0,0.0,0.0,0.0
4,6,0.0,0.0,0.0,0.0,0.0,0.0,0.0,0.0,0.0,0.0,0.0
4,7,0.0,0.0,0.0,0.0,0.0,0.0,0.0,0.0,0.0,0.0,0.0
4,8,0.0,0.0,0.0,0.0,0.0,0.0,0.0,0.0,0.0,0.0,0.0
4,9,0.0,0.0,0.0,0.0,0.0,0.0,0.0,0.0,0.0,0.0,0.0
4,10,0.0,0.0,0.0,0.0,0.0,0.0,0.0,0.0,0.0,0.0,0.0
4,11,0.0,0.0,0.0,0.0,0.0,0.0,0.0,0.0,0.0,0.0,0.0
4,12,0.0,0.0,0.0,0.0,0.0,0.0,0.0,0.0,0.0,0.0,0.0
4,13,0.025,0.0,0.0,0.0,0.0,0.025,0.0,0.0,0.0,0.0,0.0
4,14,0.0,0.0,0.0,0.0,0.0,0.0,0.0,0.0,0.0,0.0,0.0
4,15,0.0,0.0,0.0,0.0,0.0,0.0,0.0,0.0,0.0,0.0,0.0
4,16,0.175,0.0,0.0,0.0,0.0,0.0,0.0,0.0,0.0,0.0,0.175
4,17,0.0,0.0,0.0,0.0,0.0,0.0,0.0,0.0,0.0,0.0,0.0
4,18,0.0,0.0,0.0,0.0,0.0,0.0,0.0,0.0,0.0,0.0,0.0
4,19,0.0,0.0,0.0,0.0,0.0,0.0,0.0,0.0,0.0,0.0,0.0
4,20,0.0,0.0,0.0,0.0,0.0,0.0,0.0,0.0,0.0,0.0,0.0
4,21,0.0,0.0,0.0,0.0,0.0,0.0,0.0,0.0,0.0,0.0,0.0
4,22,0.0,0.0,0.0,0.0,0.0,0.0,0.0,0.0,0.0,0.0,0.0
4,23,0.04,0.0,0.0,0.0,0.0,0.0,0.005,0.0,0.0,0.0,0.04
4,24,0.0,0.0,0.0,0.0,0.0,0.0,0.0,0.0,0.0,0.0,0.0
4,25,0.0,0.0,0.0,0.0,0.0,0.0,0.0,0.0,0.0,0.0,0.0
4,26,0.0,0.0,0.0,0.0,0.0,0.0,0.0,0.0,0.0,0.0,0.0
4,27,0.0,0.0,0.0,0.0,0.0,0.0,0.0,0.0,0.0,0.0,0.0
4,28,0.325,0.0,0.0,0.0,0.0,0.0,0.0,0.0,0.0,0.325,0.0
4,29,0.31,0.305,0.0,0.005,0.0,0.0,0.0,0.0,0.0,0.0,0.0
4,30,0.0,0.0,0.0,0.0,0.0,0.0,0.0,0.0,0.0,0.0,0.0
4,31,0.025,0.0,0.0,0.0,0.0,0.0,0.0,0.0,0.025,0.0,0.0
4,32,0.01,0.0,0.0,0.0,0.0,0.0,0.0,0.01,0.0,0.0,0.0
4,33,0.035,0.0,0.0,0.0,0.0,0.0,0.0,0.0,0.0,0.0,0.035
4,34,0.025,0.0,0.0,0.0,0.0,0.0,0.0,0.025,0.0,0.0,0.0
4,35,0.0,0.0,0.0,0.0,0.0,0.0,0.0,0.0,0.0,0.0,0.0
4,36,0.005,0.0,0.0,0.0,0.0,0.0,0.0,0.005,0.0,0.0,0.0
4,37,0.005,0.0,0.0,0.0,0.0,0.005,0.0,0.0,0.0,0.0,0.0
4,38,0.0,0.0,0.0,0.0,0.0,0.0,0.0,0.0,0.0,0.0,0.0
4,39,0.07,0.0,0.0,0.0,0.0,0.0,0.0,0.0,0.0,0.0,0.07
5,0,0.0,0.0,0.0,0.0,0.0,0.0,0.0,0.0,0.0,0.0,0.0
5,1,0.07,0.0,0.0,0.0,0.0,0.07,0.0,0.0,0.0,0.0,0.0
5,2,0.0,0.0,0.0,0.0,0.0,0.0,0.0,0.0,0.0,0.0,0.0
5,3,0.155,0.0,0.115,0.0,0.0,0.0,0.005,0.0,0.0,0.0,0.04
5,4,0.0,0.0,0.0,0.0,0.0,0.0,0.0,0.0,0.0,0.0,0.0
5,5,0.0,0.0,0.0,0.0,0.0,0.0,0.0,0.0,0.0,0.0,0.0
5,6,0.0,0.0,0.0,0.0,0.0,0.0,0.0,0.0,0.0,0.0,0.0
5,7,0.0,0.0,0.0,0.0,0.0,0.0,0.0,0.0,0.0,0.0,0.0
5,8,0.0,0.0,0.0,0.0,0.0,0.0,0.0,0.0,0.0,0.0,0.0
5,9,0.0,0.0,0.0,0.0,0.0,0.0,0.0,0.0,0.0,0.0,0.0
5,10,0.0,0.0,0.0,0.0,0.0,0.0,0.0,0.0,0.0,0.0,0.0
5,11,0.0,0.0,0.0,0.0,0.0,0.0,0.0,0.0,0.0,0.0,0.0
5,12,0.0,0.0,0.0,0.0,0.0,0.0,0.0,0.0,0.0,0.0,0.0
5,13,0.51,0.0,0.0,0.0,0.0,0.51,0.0,0.0,0.0,0.0,0.0
5,14,0.0,0.0,0.0,0.0,0.0,0.0,0.0,0.0,0.0,0.0,0.0
5,15,0.0,0.0,0.0,0.0,0.0,0.0,0.0,0.0,0.0,0.0,0.0
5,16,0.005,0.0,0.0,0.0,0.0,0.0,0.0,0.0,0.0,0.0,0.005
5,17,0.0,0.0,0.0,0.0,0.0,0.0,0.0,0.0,0.0,0.0,0.0
5,18,0.0,0.0,0.0,0.0,0.0,0.0,0.0,0.0,0.0,0.0,0.0
5,19,0.0,0.0,0.0,0.0,0.0,0.0,0.0,0.0,0.0,0.0,0.0
5,20,0.0,0.0,0.0,0.0,0.0,0.0,0.0,0.0,0.0,0.0,0.0
5,21,0.0,0.0,0.0,0.0,0.0,0.0,0.0,0.0,0.0,0.0,0.0
5,22,0.0,0.0,0.0,0.0,0.0,0.0,0.0,0.0,0.0,0.0,0.0
5,23,0.05,0.0,0.0,0.0,0.0,0.0,0.015,0.0,0.0,0.0,0.04
5,24,0.0,0.0,0.0,0.0,0.0,0.0,0.0,0.0,0.0,0.0,0.0
5,25,0.075,0.0,0.0,0.0,0.075,0.0,0.0,0.0,0.0,0.0,0.0
5,26,0.0,0.0,0.0,0.0,0.0,0.0,0.0,0.0,0.0,0.0,0.0
5,27,0.0,0.0,0.0,0.0,0.0,0.0,0.0,0.0,0.0,0.0,0.0
5,28,0.005,0.0,0.0,0.0,0.0,0.0,0.0,0.0,0.0,0.005,0.0
5,29,0.645,0.645,0.0,0.0,0.0,0.005,0.0,0.0,0.0,0.0,0.0
5,30,0.0,0.0,0.0,0.0,0.0,0.0,0.0,0.0,0.0,0.0,0.0
5,31,0.11,0.0,0.0,0.0,0.0,0.0,0.0,0.0,0.11,0.0,0.0
5,32,0.025,0.0,0.0,0.0,0.0,0.015,0.0,0.01,0.0,0.0,0.0
5,33,0.275,0.0,0.0,0.0,0.0,0.0,0.01,0.0,0.0,0.0,0.27
5,34,0.0,0.0,0.0,0.0,0.0,0.0,0.0,0.0,0.0,0.0,0.0
5,35,0.0,0.0,0.0,0.0,0.0,0.0,0.0,0.0,0.0,0.0,0.0
5,36,0.03,0.0,0.0,0.0,0.0,0.0,0.0,0.03,0.0,0.0,0.0
5,37,0.0,0.0,0.0,0.0,0.0,0.0,0.0,0.0,0.0,0.0,0.0
5,38,0.0,0.0,0.0,0.0,0.0,0.0,0.0,0.0,0.0,0.0,0.0
5,39,0.03,0.0,0.0,0.0,0.0,0.0,0.0,0.0,0.0,0.0,0.03
6,0,0.0,0.0,0.0,0.0,0.0,0.0,0.0,0.0,0.0,0.0,0.0
6,1,0.01,0.0,0.0,0.0,0.0,0.01,0.0,0.0,0.0,0.0,0.0
6,2,0.0,0.0,0.0,0.0,0.0,0.0,0.0,0.0,0.0,0.0,0.0
6,3,0.37,0.0,0.36,0.0,0.0,0.0,0.0,0.0,0.0,0.0,0.01
6,4,0.0,0.0,0.0,0.0,0.0,0.0,0.0,0.0,0.0,0.0,0.0
6,5,0.0,0.0,0.0,0.0,0.0,0.0,0.0,0.0,0.0,0.0,0.0
6,6,0.0,0.0,0.0,0.0,0.0,0.0,0.0,0.0,0.0,0.0,0.0
6,7,0.0,0.0,0.0,0.0,0.0,0.0,0.0,0.0,0.0,0.0,0.0
6,8,0.0,0.0,0.0,0.0,0.0,0.0,0.0,0.0,0.0,0.0,0.0
6,9,0.01,0.0,0.0,0.0,0.0,0.0,0.0,0.0,0.0,0.0,0.01
6,10,0.01,0.0,0.0,0.0,0.0,0.01,0.0,0.0,0.0,0.0,0.0
6,11,0.0,0.0,0.0,0.0,0.0,0.0,0.0,0.0,0.0,0.0,0.0
6,12,0.0,0.0,0.0,0.0,0.0,0.0,0.0,0.0,0.0,0.0,0.0
6,13,0.145,0.0,0.0,0.0,0.0,0.145,0.0,0.0,0.0,0.0,0.0
6,14,0.0,0.0,0.0,0.0,0.0,0.0,0.0,0.0,0.0,0.0,0.0
6,15,0.005,0.0,0.0,0.005,0.0,0.0,0.0,0.0,0.0,0.0,0.0
6,16,0.035,0.0,0.0,0.0,0.0,0.0,0.0,0.0,0.0,0.0,0.035
6,17,0.0,0.0,0.0,0.0,0.0,0.0,0.0,0.0,0.0,0.0,0.0
6,18,0.0,0.0,0.0,0.0,0.0,0.0,0.0,0.0,0.0,0.0,0.0
6,19,0.0,0.0,0.0,0.0,0.0,0.0,0.0,0.0,0.0,0.0,0.0
6,20,0.0,0.0,0.0,0.0,0.0,0.0,0.0,0.0,0.0,0.0,0.0
6,21,0.0,0.0,0.0,0.0,0.0,0.0,0.0,0.0,0.0,0.0,0.0
6,22,0.0,0.0,0.0,0.0,0.0,0.0,0.0,0.0,0.0,0.0,0.0
6,23,0.09,0.0,0.0,0.0,0.0,0.0,0.075,0.0,0.0,0.0,0.045
6,24,0.0,0.0,0.0,0.0,0.0,0.0,0.0,0.0,0.0,0.0,0.0
6,25,0.005,0.0,0.0,0.0,0.0,0.0,0.0,0.0,0.0,0.0,0.005
6,26,0.0,0.0,0.0,0.0,0.0,0.0,0.0,0.0,0.0,0.0,0.0
6,27,0.0,0.0,0.0,0.0,0.0,0.0,0.0,0.0,0.0,0.0,0.0
6,28,0.0,0.0,0.0,0.0,0.0,0.0,0.0,0.0,0.0,0.0,0.0
6,29,0.465,0.465,0.0,0.0,0.0,0.0,0.0,0.0,0.0,0.0,0.0
6,30,0.0,0.0,0.0,0.0,0.0,0.0,0.0,0.0,0.0,0.0,0.0
6,31,0.07,0.0,0.0,0.0,0.0,0.0,0.0,0.0,0.07,0.0,0.0
6,32,0.03,0.0,0.0,0.0,0.0,0.01,0.0,0.02,0.0,0.0,0.0
6,33,0.02,0.0,0.0,0.0,0.0,0.0,0.01,0.0,0.0,0.0,0.01
6,34,0.0,0.0,0.0,0.0,0.0,0.0,0.0,0.0,0.0,0.0,0.0
6,35,0.0,0.0,0.0,0.0,0.0,0.0,0.0,0.0,0.0,0.0,0.0
6,36,0.0,0.0,0.0,0.0,0.0,0.0,0.0,0.0,0.0,0.0,0.0
6,37,0.0,0.0,0.0,0.0,0.0,0.0,0.0,0.0,0.0,0.0,0.0
6,38,0.0,0.0,0.0,0.0,0.0,0.0,0.0,0.0,0.0,0.0,0.0
6,39,0.015,0.0,0.0,0.0,0.0,0.0,0.0,0.0,0.0,0.0,0.015
7,0,0.0,0.0,0.0,0.0,0.0,0.0,0.0,0.0,0.0,0.0,0.0
7,1,0.04,0.0,0.0,0.0,0.0,0.04,0.0,0.0,0.0,0.0,0.0
7,2,0.0,0.0,0.0,0.0,0.0,0.0,0.0,0.0,0.0,0.0,0.0
7,3,0.155,0.0,0.155,0.0,0.0,0.0,0.0,0.0,0.0,0.0,0.0
7,4,0.0,0.0,0.0,0.0,0.0,0.0,0.0,0.0,0.0,0.0,0.0
7,5,0.0,0.0,0.0,0.0,0.0,0.0,0.0,0.0,0.0,0.0,0.0
7,6,0.0,0.0,0.0,0.0,0.0,0.0,0.0,0.0,0.0,0.0,0.0
7,7,0.0,0.0,0.0,0.0,0.0,0.0,0.0,0.0,0.0,0.0,0.0
7,8,0.0,0.0,0.0,0.0,0.0,0.0,0.0,0.0,0.0,0.0,0.0
7,9,0.0,0.0,0.0,0.0,0.0,0.0,0.0,0.0,0.0,0.0,0.0
7,10,0.0,0.0,0.0,0.0,0.0,0.0,0.0,0.0,0.0,0.0,0.0
7,11,0.0,0.0,0.0,0.0,0.0,0.0,0.0,0.0,0.0,0.0,0.0
7,12,0.0,0.0,0.0,0.0,0.0,0.0,0.0,0.0,0.0,0.0,0.0
7,13,0.085,0.0,0.0,0.0,0.0,0.085,0.0,0.0,0.0,0.0,0.0
7,14,0.0,0.0,0.0,0.0,0.0,0.0,0.0,0.0,0.0,0.0,0.0
7,15,0.005,0.0,0.005,0.0,0.0,0.0,0.0,0.0,0.0,0.0,0.0
7,16,0.035,0.0,0.0,0.0,0.0,0.0,0.0,0.005,0.0,0.0,0.035
7,17,0.0,0.0,0.0,0.0,0.0,0.0,0.0,0.0,0.0,0.0,0.0
7,18,0.005,0.0,0.0,0.0,0.0,0.0,0.0,0.0,0.005,0.0,0.0
7,19,0.0,0.0,0.0,0.0,0.0,0.0,0.0,0.0,0.0,0.0,0.0
7,20,0.0,0.0,0.0,0.0,0.0,0.0,0.0,0.0,0.0,0.0,0.0
7,21,0.0,0.0,0.0,0.0,0.0,0.0,0.0,0.0,0.0,0.0,0.0
7,22,0.0,0.0,0.0,0.0,0.0,0.0,0.0,0.0,0.0,0.0,0.0
7,23,0.04,0.0,0.0,0.0,0.0,0.0,0.01,0.0,0.0,0.0,0.035
7,24,0.0,0.0,0.0,0.0,0.0,0.0,0.0,0.0,0.0,0.0,0.0
7,25,0.015,0.0,0.0,0.0,0.015,0.0,0.0,0.0,0.0,0.0,0.0
7,26,0.0,0.0,0.0,0.0,0.0,0.0,0.0,0.0,0.0,0.0,0.0
7,27,0.0,0.0,0.0,0.0,0.0,0.0,0.0,0.0,0.0,0.0,0.0
7,28,0.33,0.0,0.0,0.0,0.0,0.0,0.0,0.0,0.0,0.33,0.0
7,29,0.49,0.49,0.0,0.0,0.0,0.0,0.0,0.0,0.0,0.0,0.0
7,30,0.005,0.0,0.0,0.0,0.0,0.0,0.0,0.0,0.005,0.0,0.0
7,31,0.115,0.0,0.0,0.0,0.0,0.0,0.0,0.0,0.115,0.0,0.0
7,32,0.02,0.0,0.0,0.0,0.0,0.02,0.0,0.0,0.0,0.0,0.0
7,33,0.03,0.0,0.0,0.0,0.0,0.0,0.0,0.0,0.0,0.0,0.03
7,34,0.0,0.0,0.0,0.0,0.0,0.0,0.0,0.0,0.0,0.0,0.0
7,35,0.0,0.0,0.0,0.0,0.0,0.0,0.0,0.0,0.0,0.0,0.0
7,36,0.005,0.0,0.0,0.0,0.0,0.0,0.0,0.005,0.0,0.0,0.0
7,37,0.025,0.0,0.0,0.0,0.0,0.025,0.0,0.0,0.0,0.0,0.0
7,38,0.0,0.0,0.0,0.0,0.0,0.0,0.0,0.0,0.0,0.0,0.0
7,39,0.005,0.0,0.0,0.0,0.0,0.0,0.0,0.0,0.0,0.0,0.005
