idx,name,finite_frac,median,iqr,min,max,outlier_frac_gt_10iqr,outlier_count_gt_10iqr,abs_skew,kurtosis
48,V_norm_mean,1.0,0.4054940342903137,0.00020954012870788574,0.39332205057144165,0.6633785367012024,0.22273333333333334,3341,2.062904119491577,2.869013547897339
53,V_norm_q_mean,1.0,0.40552324056625366,0.000408172607421875,0.38984113931655884,0.6634307503700256,0.22053333333333333,3308,2.062727928161621,2.8684186935424805
52,V_norm_max,1.0,0.4081491529941559,0.0011133551597595215,0.4068257510662079,0.6678608655929565,0.22013333333333332,3302,2.0592806339263916,2.855508327484131
51,V_norm_min,1.0,0.40306976437568665,0.0008015930652618408,0.38705316185951233,0.6595568060874939,0.216,3240,2.066476345062256,2.8834969997406006
61,Vn_final,1.0,0.40579724311828613,0.002285391092300415,0.38909047842025757,0.6632058620452881,0.20806666666666668,3121,2.062309741973877,2.8687596321105957
15,Q_j_min,1.0,15.179176330566406,1.0494804382324219,-12.47191047668457,16.111879348754883,0.0948,1422,2.7261276245117188,5.528383255004883
1,T_r_std,1.0,0.7176510095596313,0.0515744686126709,0.5490208864212036,1.9907002449035645,0.007733333333333333,116,5.850795745849609,47.308658599853516
49,V_norm_std,1.0,0.0015263862442225218,0.00022914318833500147,0.001110931858420372,0.01188427023589611,0.005733333333333333,86,6.338564872741699,74.92864227294922
32,F_R_norm_slope,1.0,-0.00011763909424189478,0.0007334798574447632,-0.003039195202291012,0.031155593693256378,0.0051333333333333335,77,8.936675071716309,120.17420196533203
50,V_norm_slope,1.0,2.2083554540586192e-06,0.00034301282721571624,-0.015497763641178608,0.005884690675884485,0.005066666666666666,76,11.808186531066895,193.90383911132812
17,Q_j_q_mean,1.0,15.776853561401367,0.3049135208129883,-10.22645092010498,16.437971115112305,0.004666666666666667,70,18.380491256713867,372.94610595703125
31,F_R_norm_std,1.0,0.0030289795249700546,0.00034127896651625633,0.0022673308849334717,0.01905972883105278,0.004666666666666667,70,10.817538261413574,178.4701690673828
3,T_r_min,1.0,5.829734802246094,0.0020241737365722656,5.789371967315674,5.833777904510498,0.0046,69,4.891172409057617,35.641807556152344
5,T_r_q_mean,1.0,5.837656497955322,0.0011115074157714844,5.804747581481934,5.841009616851807,0.004333333333333333,65,8.068614959716797,105.24075317382812
0,T_r_mean,1.0,5.837602138519287,0.0008821487426757812,5.816869735717773,5.83958625793457,0.003533333333333333,53,7.895877361297607,99.86083984375
19,T_reb_std,1.0,0.7592689990997314,0.05026644468307495,0.6231960654258728,1.646980881690979,0.0028,42,5.719939708709717,67.09671020507812
54,UA_proxy,1.0,13.846044540405273,1.2110424041748047,-15.353681564331055,21.390871047973633,0.0027333333333333333,41,2.411285638809204,32.28811264038086
60,Qj_slope,1.0,0.009591519832611084,0.05842836946249008,-0.5928395986557007,0.37289658188819885,6.666666666666667e-05,1,0.45239999890327454,7.314437389373779
2,T_r_slope,1.0,0.035017117857933044,0.23155438899993896,-2.1796658039093018,0.7029671669006348,0.0,0,2.6099209785461426,16.60036849975586
20,T_reb_slope,1.0,-0.023535270243883133,0.2412172257900238,-0.6285641193389893,2.049480438232422,0.0,0,2.3352200984954834,15.05038833618164
8,T_j_slope,1.0,-0.0016425042413175106,0.26934170722961426,-1.6835734844207764,2.5195860862731934,0.0,0,0.6385889053344727,9.070837020874023
9,T_j_min,1.0,5.793623447418213,0.024022579193115234,5.591265678405762,5.818613052368164,0.0,0,2.132072925567627,8.171154022216797
25,Q_reb_std,1.0,10.503461837768555,0.5513954162597656,9.646892547607422,14.1148099899292,0.0,0,1.5383461713790894,6.18763542175293
64,corr_Qreb_FR,1.0,0.017966564744710922,0.13034449517726898,-0.3201889991760254,0.6855993866920471,0.0,0,1.5853890180587769,5.970626354217529
10,T_j_max,1.0,5.830619812011719,0.017428874969482422,5.761518955230713,5.87957763671875,0.0,0,1.1570383310317993,1.473894476890564
4,T_r_max,1.0,5.845423221588135,0.0019245147705078125,5.84112548828125,5.855017185211182,0.0,0,0.7008395791053772,1.3171806335449219
63,corr_Qj_FR,1.0,-0.008555103093385696,0.12728175520896912,-0.5113614797592163,0.2712554335594177,0.0,0,0.43070298433303833,1.0591768026351929
12,Q_j_mean,1.0,15.753332138061523,0.3018913269042969,14.291189193725586,16.273433685302734,0.0,0,0.91678386926651,1.058355689048767
39,F_B_norm_min,1.0,0.689359188079834,0.0008186101913452148,0.6854792833328247,0.6910922527313232,0.0,0,0.693926215171814,0.8252933621406555
11,T_j_q_mean,1.0,5.809674263000488,0.01569843292236328,5.744908332824707,5.829758167266846,0.0,0,1.0186693668365479,0.7899125814437866
40,F_B_norm_max,1.0,0.6969250440597534,0.0008157491683959961,0.6952523589134216,0.7006471753120422,0.0,0,0.6446794867515564,0.7346549034118652
6,T_j_mean,1.0,5.809653282165527,0.015709877014160156,5.75460958480835,5.827331066131592,0.0,0,1.0173779726028442,0.7280967831611633
46,R_norm_max,1.0,0.6969281435012817,0.000810086727142334,0.6952555775642395,0.7004245519638062,0.0,0,0.6647687554359436,0.7243627905845642
45,R_norm_min,1.0,0.6893588304519653,0.0008245706558227539,0.6856831312179565,0.691034734249115,0.0,0,0.6586348414421082,0.7146399021148682
59,Tr_Tj_ratio,1.0,0.7072577476501465,0.00821983814239502,0.6970650553703308,0.7362810969352722,0.0,0,0.9902798533439636,0.7143416404724121
7,T_j_std,1.0,1.0731898546218872,0.5875315070152283,0.570759117603302,2.856877565383911,0.0,0,0.7258498668670654,0.3647121489048004
62,Rn_final,1.0,0.6931397318840027,0.002018153667449951,0.6873844861984253,0.699796736240387,0.0,0,0.026555055752396584,-0.000176937275682576
41,F_B_norm_q_mean,1.0,0.6931462287902832,0.00036579370498657227,0.6920133233070374,0.6942625045776367,0.0,0,0.004104084335267544,-0.007230823859572411
44,R_norm_slope,1.0,-2.9517120765376603e-06,0.0006389515474438667,-0.0018843896687030792,0.0018610440893098712,0.0,0,0.04065185785293579,-0.010473592206835747
42,R_norm_mean,1.0,0.6931498050689697,0.00018262863159179688,0.6926090121269226,0.6937282085418701,0.0,0,0.0032114617060869932,-0.010739986784756184
47,R_norm_q_mean,1.0,0.693151593208313,0.00036716461181640625,0.6919797658920288,0.6941516995429993,0.0,0,0.005127208307385445,-0.025734029710292816
37,F_B_norm_std,1.0,0.002973864320665598,0.0002618194557726383,0.002179639181122184,0.0037119798362255096,0.0,0,0.05879095941781998,-0.032314613461494446
38,F_B_norm_slope,1.0,3.0279147722467314e-06,0.0006361856940202415,-0.0017015439225360751,0.002054548589512706,0.0,0,0.04265735670924187,-0.043065790086984634
43,R_norm_std,1.0,0.0029751877300441265,0.0002619917504489422,0.00229167053475976,0.0037558774929493666,0.0,0,0.049896448850631714,-0.06982798874378204
36,F_B_norm_mean,1.0,0.6931471228599548,0.00018322467803955078,0.6927151083946228,0.6936357617378235,0.0,0,0.02745034545660019,-0.10329705476760864
23,T_reb_q_mean,1.0,5.938767433166504,0.038046836853027344,5.919497489929199,6.022094249725342,0.0,0,0.8379815816879272,-0.27769535779953003
21,T_reb_min,1.0,5.931036949157715,0.03749418258666992,5.905536651611328,6.0129313468933105,0.0,0,0.8336197733879089,-0.28238803148269653
22,T_reb_max,1.0,5.946547985076904,0.03746652603149414,5.926235198974609,6.029818534851074,0.0,0,0.8307518362998962,-0.2874557673931122
18,T_reb_mean,1.0,5.9387898445129395,0.038184165954589844,5.9204254150390625,6.019332408905029,0.0,0,0.8345256447792053,-0.2892306447029114
65,corr_Rn_Vn,1.0,-0.0015623252838850021,0.12041038274765015,-0.2908640205860138,0.284780889749527,0.0,0,0.02742939256131649,-0.29323628544807434
57,reb_per_boilup,1.0,1.0194427967071533,0.34538042545318604,0.613885223865509,1.867179036140442,0.0,0,0.5079538822174072,-0.39019495248794556
13,Q_j_std,1.0,14.293725967407227,1.506678581237793,9.64132022857666,16.03852653503418,0.0,0,1.0980345010757446,-0.47907060384750366
16,Q_j_max,1.0,16.194076538085938,0.5283031463623047,15.366040229797363,17.224285125732422,0.0,0,0.369096577167511,-0.630424439907074
27,Q_reb_min,1.0,16.240646362304688,0.5202541351318359,15.574228286743164,17.292970657348633,0.0,0,0.303348183631897,-0.6974284052848816
29,Q_reb_q_mean,1.0,16.249340057373047,0.5192661285400391,15.582030296325684,17.316553115844727,0.0,0,0.3039344847202301,-0.6974511742591858
24,Q_reb_mean,1.0,16.249250411987305,0.5195198059082031,15.582624435424805,17.306556701660156,0.0,0,0.3039298355579376,-0.6981042623519897
28,Q_reb_max,1.0,16.257415771484375,0.5188655853271484,15.588510513305664,17.323055267333984,0.0,0,0.3045479357242584,-0.6983200311660767
35,F_R_norm_q_mean,1.0,0.7009512782096863,0.03854727745056152,0.6509178876876831,0.7592353820800781,0.0,0,0.06125011295080185,-0.9632739424705505
34,F_R_norm_max,1.0,0.7048958539962769,0.03872370719909668,0.654003381729126,0.7631263732910156,0.0,0,0.0608808770775795,-0.963344156742096
33,F_R_norm_min,1.0,0.6970285177230835,0.03832650184631348,0.6472349166870117,0.751429557800293,0.0,0,0.058386363089084625,-0.9649876356124878
30,F_R_norm_mean,1.0,0.7010154128074646,0.03848910331726074,0.6506687998771667,0.7553061842918396,0.0,0,0.05905934423208237,-0.9659504890441895
55,recycle_ratio,1.0,0.7010154128074646,0.03848910331726074,0.6506687998771667,0.7553061842918396,0.0,0,0.05905934423208237,-0.9659504890441895
14,Q_j_slope,1.0,11.408927917480469,20.456771850585938,-15.839183807373047,15.25677490234375,0.0,0,0.9024775624275208,-0.9701509475708008
56,col_recovery,1.0,0.4028441309928894,0.012778997421264648,0.3851350247859955,0.41984835267066956,0.0,0,0.034293219447135925,-0.9713388085365295
58,recycle_excess,1.0,0.015675067901611328,0.07587164640426636,-0.07989900559186935,0.12067943811416626,0.0,0,0.06772395968437195,-0.9988204836845398
26,Q_reb_slope,1.0,-8.347615242004395,16.652761459350586,-12.892643928527832,14.5951509475708,0.0,0,0.8194490671157837,-1.1976534128189087
