z_score,seed,budget,min_ks_pvalue,n_sbc,n_post,alpha_ks_p,alpha_mean_rank_frac,alpha_slope,beta_r_ks_p,beta_r_mean_rank_frac,beta_r_slope,eta_col_ks_p,eta_col_mean_rank_frac,eta_col_slope,xi_reb_ks_p,xi_reb_mean_rank_frac,xi_reb_slope,z_A0_eff_ks_p,z_A0_eff_mean_rank_frac,z_A0_eff_slope
baseline,0,reduced_n120,0.07026713061673906,120,120,0.6357579550372281,0.48409722222222223,0.9947717717154175,0.6357579550372281,0.48993055555555554,0.8815062956915043,0.9102636948583724,0.48708333333333337,0.2978782905589641,0.2499122742133879,0.5110416666666667,0.9493600437061287,0.07026713061673906,0.49333333333333335,0.9214872067125306
baseline,0,confirm_n400,3.967533536085102e-06,400,400,0.2612124460712907,0.4995125,0.9987275115447405,0.4529358778975884,0.49861875,0.8995060254115732,0.06511748679419616,0.4903375,0.3485903790687125,3.967533536085102e-06,0.45372500000000004,0.9542482407670131,6.607295141672092e-06,0.51691875,0.9273068996444932
baseline,1,reduced_n120,0.0005297802428287843,120,120,0.004285658460124631,0.4384027777777778,0.9985221635428485,0.4862982465891339,0.5104166666666666,0.8631846018684591,0.35551379870654065,0.4740972222222222,0.38117807365410217,0.07026713061673906,0.5404166666666667,0.9565069296367172,0.0005297802428287843,0.44805555555555554,0.9163642842947542
baseline,1,confirm_n400,5.921412665494451e-16,400,400,4.638993646096075e-08,0.43285625000000005,1.0092746950114568,0.008130081546801634,0.4913625,0.8574542006888761,0.26121244607129135,0.48465625,0.39665533700435873,0.002865284783147943,0.53304375,0.9633467301212931,5.921412665494451e-16,0.42930625,0.9285349965492546
baseline,2,reduced_n120,4.785836048318767e-05,120,120,0.7866393207881335,0.4884027777777778,0.9795868385198885,0.07026713061673906,0.5134722222222222,0.925631013565143,0.910263694858373,0.5009027777777778,0.23899138919249238,0.0011009976788322051,0.42909722222222224,0.9318061089128323,4.785836048318767e-05,0.4347222222222222,0.9289236668561235
baseline,2,confirm_n400,1.3873925145326774e-06,400,400,0.004097587262520968,0.480875,0.986087756616607,0.10777126907396783,0.49455625,0.9371604033979501,0.45293587789758816,0.49736874999999997,0.23827268834421603,1.3873925145326774e-06,0.432975,0.9683951893666873,1.089164739716021e-05,0.47995625,0.9513423918540302
zscorenone,0,reduced_n120,0.35551379870654065,120,120,0.9102636948583724,0.511875,0.4207693457318741,0.7866393207881335,0.5094444444444445,-0.003177915071934677,0.35551379870654065,0.4945833333333333,0.031202164193475015,0.6357579550372281,0.5240972222222222,0.10924506711856503,0.4862982465891349,0.5036805555555556,0.01861222065975312
zscorenone,0,confirm_n400,0.1365585999867185,400,400,0.6976614726937245,0.49974375000000004,0.4007931728651381,0.17128183470619884,0.48003749999999995,0.009911214140248599,0.1365585999867185,0.48328125,0.05196500288606713,0.1365585999867185,0.52035,0.08304925294866385,0.17128183470619962,0.5135875,0.02855420541845106
zscorenone,1,reduced_n120,0.11099866190199248,120,120,0.4862982465891339,0.48638888888888887,0.4256809299476037,0.24991227421338402,0.5211805555555555,-2.4417261045855363e-05,0.6357579550372281,0.5056944444444444,0.0061058914838922045,0.6357579550372281,0.5079166666666667,0.02863229263659916,0.11099866190199248,0.47729166666666667,0.004305670404593958
zscorenone,1,confirm_n400,0.037791217735146154,400,400,0.037791217735146154,0.48061875,0.3896729716889957,0.3174449668305339,0.48433750000000003,0.015416876787558664,0.6976614726937245,0.49388125000000005,0.016102667274103588,0.38146069598631605,0.5067437499999999,0.012866249496307117,0.6134547435589357,0.49162500000000003,0.007433435049225724
zscorenone,2,reduced_n120,0.004285658460124631,120,120,0.004285658460124631,0.431875,0.5188132545932544,0.35551379870654065,0.5200694444444445,-0.004398413459482204,0.4862982465891349,0.4872222222222222,0.03037617561713317,0.4862982465891349,0.5190972222222222,0.019511367148625777,0.35551379870653754,0.5140277777777778,0.005110946560246616
zscorenone,2,confirm_n400,1.3873925145326774e-06,400,400,1.3873925145326774e-06,0.43171875,0.47011459138979544,0.3174449668305326,0.488725,0.008893333473099967,0.08419590134115096,0.47268125,0.03513521925571085,0.2126329204477665,0.51339375,0.011666935336643291,0.004097587262520952,0.5271875,0.01716343630340616
