z_score,seed,budget,min_ks_pvalue,n_sbc,n_post,alpha_ks_p,alpha_slope,beta_r_ks_p,beta_r_slope,eta_col_ks_p,eta_col_slope,xi_reb_ks_p,xi_reb_slope,z_A0_eff_ks_p,z_A0_eff_slope
baseline,0,reduced_n40,1.4663061558473391e-05,40,40,0.07048187616884194,0.9816390365480903,0.9655231485441195,0.12027080595419928,0.2984139906821319,0.05205595167156731,0.7818109707182903,0.6381849283769743,1.4663061558473391e-05,0.2339154388622126
baseline,0,confirm_n100,0.0012339926382757271,100,100,0.01983924212565369,0.9895565378839589,0.10330374901820139,0.18867249160781252,0.5182193645480672,0.044955247471782145,0.10330374901819872,0.5946146876925728,0.0012339926382757271,0.35712888542947113
baseline,1,reduced_n40,6.938084430614098e-05,40,40,0.2984139906821319,0.9352302379873149,0.5192205818372144,0.3323458796188447,0.2984139906821319,0.044483924449070275,0.2984139906821319,0.492851789155084,6.938084430614098e-05,0.19953028389159613
baseline,1,confirm_n100,0.0005551927328074649,100,100,0.0026300498454634447,0.9666494463862889,0.03582511969274871,0.3288822819075822,0.6846706791645834,0.05392414638381185,0.5182193645480672,0.4835556105335033,0.0005551927328074649,0.21735561575930992
baseline,2,reduced_n40,2.7416081587210553e-06,40,40,0.15292946735129442,0.940384260436886,0.2984139906821319,0.3428637723745913,0.07048187616884305,0.025283594010312983,0.003643059287577688,0.7476000344401013,2.7416081587210553e-06,0.24656005787254642
baseline,2,confirm_n100,5.408871776434847e-06,100,100,0.06209234069876268,0.9517813203973153,0.005376406596379835,0.45183045441241526,0.37063202558633024,0.06837176895910159,0.00537640659637717,0.7280752357377596,5.408871776434847e-06,0.2920333729340405
zscorenone,0,reduced_n40,0.003643059287577688,40,40,0.5192205818372144,0.15141767228058844,0.5192205818372144,-0.06787954278330598,0.7818109707182894,0.04981377994012544,0.5192205818372144,-0.010556833298308652,0.003643059287577688,-0.06365058561022963
zscorenone,0,confirm_n100,0.005376406596379946,100,100,0.25269275700639726,0.10929839888409702,0.01983924212564203,0.006504828856715061,0.5182193645480672,-0.00423872502896477,0.25269275700639626,-0.009069923554212616,0.005376406596379946,0.012694376557623906
zscorenone,1,reduced_n40,0.2984139906821319,40,40,0.2984139906821319,0.016618117259293914,0.5192205818372144,0.04085990592127804,0.7818109707182899,0.04046857817453453,0.5192205818372144,0.007147391424243311,0.2984139906821319,-0.004822585015723854
zscorenone,1,confirm_n100,0.10330374901820882,100,100,0.5182193645480672,0.02173928165053217,0.25269275700638727,-0.012908323722355697,0.25269275700638894,-0.008367326210171526,0.6846706791645834,-0.005495990703216444,0.10330374901820882,-0.005130538952152496
zscorenone,2,reduced_n40,0.07048187616884716,40,40,0.1529294673512942,0.11399605934792129,0.7818109707182894,-0.013372422924125894,0.5192205818372144,0.013646264171467111,0.5192205818372144,-0.02419444862778613,0.07048187616884716,-0.03885942146169075
zscorenone,2,confirm_n100,0.01983924212565369,100,100,0.6846706791645845,0.09274536779903526,0.06209234069876335,-0.03319429517461838,0.10330374901819872,0.004787321027291436,0.5182193645480672,0.005251470860544405,0.01983924212565369,0.01818680732083236
